取引番号,取引原資産,オプションの種類,方向," 取引内容 ","ステータス ",購入,"ペイアウト ","判定レート "," 取引時間 "," 終了時刻 "
741121330,AUD/USD," Turbo ",LOW,0.73215,取引終了,"￥3,000",---,0.73219,"2021/11/13 01:01:10","2021/11/13 01:04:10"
741120233,AUD/JPY," HighLow ",LOW,83.409,取引終了,"￥4,000","￥7,400",83.405,"2021/11/13 01:00:05","2021/11/13 01:05:00"
741119969,EUR/AUD," HighLow ",HIGH,1.56335,取引終了,"￥1,000",---,1.56327,"2021/11/13 01:00:00","2021/11/13 01:05:00"
741119515,EUR/AUD," HighLow ",HIGH,1.56337,取引終了,"￥1,000",---,1.56327,"2021/11/13 00:59:55","2021/11/13 01:05:00"
741119352,EUR/AUD," HighLow ",HIGH,1.56336,取引終了,"￥1,000",---,1.56327,"2021/11/13 00:59:53","2021/11/13 01:05:00"
741101973,USD/CAD," HighLow ",HIGH,1.25483,取引終了,"￥4,000","￥7,400",1.25554,"2021/11/13 00:20:04","2021/11/13 00:25:00"
741101888,NZD/USD," HighLow ",LOW,0.70404,取引終了,"￥4,000","￥7,400",0.70385,"2021/11/13 00:20:02","2021/11/13 00:25:00"
741095351,CHF/JPY," HighLow ",LOW,123.511,取引終了,"￥4,000",---,123.604,"2021/11/13 00:10:02","2021/11/13 00:15:00"
741090030,EUR/JPY," HighLow ",HIGH,130.262,取引終了,"￥4,000","￥7,400",130.312,"2021/11/13 00:01:38","2021/11/13 00:10:00"
741089981,CAD/JPY," HighLow ",HIGH,90.470,取引終了,"￥4,000","￥7,400",90.574,"2021/11/13 00:01:36","2021/11/13 00:10:00"
741089919,GBP/JPY," HighLow ",HIGH,152.489,取引終了,"￥4,000","￥7,400",152.641,"2021/11/13 00:01:33","2021/11/13 00:10:00"
741053634,EUR/JPY," HighLow ",HIGH,130.428,取引終了,"￥4,000","￥7,400",130.462,"2021/11/12 22:45:03","2021/11/12 22:50:00"
740933665,EUR/AUD," HighLow ",HIGH,1.56692,取引終了,"￥4,000","￥7,400",1.56771,"2021/11/12 17:38:56","2021/11/12 17:45:00"
740790526,GBP/JPY," HighLow ",LOW,152.661,取引終了,"￥4,000","￥7,400",152.643,"2021/11/12 09:45:04","2021/11/12 09:50:00"
740442406,NZD/JPY," HighLow ",HIGH,80.250,取引終了,"￥1,000",---,80.220,"2021/11/11 13:08:21","2021/11/11 13:15:00"
740442400,NZD/JPY," HighLow ",HIGH,80.250,取引終了,"￥1,000",---,80.220,"2021/11/11 13:08:20","2021/11/11 13:15:00"
740442395,NZD/JPY," HighLow ",HIGH,80.250,取引終了,"￥1,000",---,80.220,"2021/11/11 13:08:18","2021/11/11 13:15:00"
740387054,USD/JPY," Turbo ",LOW,114.076,取引終了,"￥1,000","￥1,850",114.030,"2021/11/11 10:05:42","2021/11/11 10:10:42"
740387025,USD/JPY," Turbo ",LOW,114.074,取引終了,"￥1,000","￥1,850",114.031,"2021/11/11 10:05:40","2021/11/11 10:10:40"
740340282,EUR/JPY," HighLow ",HIGH,131.031,取引終了,"￥4,000",---,130.964,"2021/11/11 03:06:47","2021/11/11 03:15:00"
740340217,EUR/USD," HighLow ",HIGH,1.14947,取引終了,"￥4,000",---,1.14910,"2021/11/11 03:06:42","2021/11/11 03:15:00"
740340161,GBP/JPY," HighLow ",HIGH,153.155,取引終了,"￥4,000",---,153.026,"2021/11/11 03:06:34","2021/11/11 03:15:00"
740305002,USD/CAD," HighLow ",LOW,1.24409,取引終了,"￥4,000","￥7,400",1.24408,"2021/11/11 00:55:04","2021/11/11 01:00:00"
740237928,EUR/JPY," HighLow ",LOW,131.165,取引終了,"￥4,000","￥7,400",131.161,"2021/11/10 23:05:05","2021/11/10 23:10:00"
740228336,CAD/JPY," HighLow ",LOW,91.325,取引終了,"￥4,000",---,91.357,"2021/11/10 22:55:06","2021/11/10 23:00:00"
740211542,GBP/AUD," HighLow ",LOW,1.83592,取引終了,"￥4,000","￥7,200",1.83568,"2021/11/10 22:30:50","2021/11/10 22:40:00"
740211208,GBP/USD," HighLow ",HIGH,1.34838,取引終了,"￥4,000","￥7,400",1.34865,"2021/11/10 22:30:34","2021/11/10 22:40:00"
740110979,CHF/JPY," HighLow ",LOW,124.138,取引終了,"￥1,000","￥1,850",124.114,"2021/11/10 19:30:09","2021/11/10 19:35:00"
740110954,CHF/JPY," HighLow ",LOW,124.135,取引終了,"￥1,000","￥1,850",124.114,"2021/11/10 19:30:06","2021/11/10 19:35:00"
740056271,EUR/AUD," HighLow ",HIGH,1.56991,取引終了,"￥4,000","￥7,400",1.57047,"2021/11/10 17:14:46","2021/11/10 17:20:00"
740054110,EUR/AUD," HighLow ",HIGH,1.57024,取引終了,"￥4,000",---,1.56990,"2021/11/10 17:09:01","2021/11/10 17:15:00"
740025236,GBP/JPY," HighLow ",LOW,153.231,取引終了,"￥4,000",---,153.232,"2021/11/10 16:10:04","2021/11/10 16:15:00"
740016500,GBP/JPY," HighLow ",LOW,153.134,取引終了,"￥4,000",---,153.151,"2021/11/10 15:50:05","2021/11/10 15:55:00"
739998525,EUR/JPY," Turbo ",HIGH,130.683,取引終了,"￥3,000","￥5,550",130.693,"2021/11/10 14:59:08","2021/11/10 15:04:08"
739947379,EUR/GBP," HighLow ",HIGH,0.85440,取引終了,"￥1,000",---,0.85431,"2021/11/10 12:00:07","2021/11/10 12:05:00"
739946956,GBP/USD," HighLow ",LOW,1.35601,取引終了,"￥3,000",---,1.35611,"2021/11/10 11:59:52","2021/11/10 12:05:00"
739946691,EUR/GBP," HighLow ",HIGH,0.85446,取引終了,"￥3,000",---,0.85431,"2021/11/10 11:59:31","2021/11/10 12:05:00"
739852968,GBP/AUD," HighLow ",LOW,1.83872,取引終了,"￥3,000","￥5,400",1.83725,"2021/11/10 01:37:39","2021/11/10 01:45:00"
739852300,GBP/AUD," HighLow ",LOW,1.83856,取引終了,"￥4,000",---,1.83859,"2021/11/10 01:35:04","2021/11/10 01:40:00"
739850502,EUR/JPY," HighLow ",HIGH,130.715,取引終了,"￥1,000","￥1,850",130.725,"2021/11/10 01:28:33","2021/11/10 01:35:00"
739821970,NZD/USD," HighLow ",HIGH,0.71217,取引終了,"￥4,000","￥7,400",0.71232,"2021/11/10 00:09:01","2021/11/10 00:15:00"
739818645,NZD/USD," HighLow ",HIGH,0.71279,取引終了,"￥4,000",---,0.71205,"2021/11/10 00:05:03","2021/11/10 00:10:00"
739815597,USD/CAD," HighLow ",LOW,1.24711,取引終了,"￥4,000",---,1.24822,"2021/11/10 00:02:36","2021/11/10 00:10:00"
739811234,AUD/JPY," HighLow ",HIGH,83.357,取引終了,"￥4,000",---,83.318,"2021/11/09 23:59:02","2021/11/10 00:05:00"
739807026,GBP/JPY," HighLow ",HIGH,152.894,取引終了,"￥4,000",---,152.877,"2021/11/09 23:55:09","2021/11/10 00:00:00"
739806834,CAD/JPY," HighLow ",HIGH,90.562,取引終了,"￥4,000",---,90.527,"2021/11/09 23:55:05","2021/11/10 00:00:00"
739806590,CAD/JPY," HighLow ",HIGH,90.557,取引終了,"￥4,000",---,90.527,"2021/11/09 23:55:02","2021/11/10 00:00:00"
739805918,CHF/JPY," HighLow ",HIGH,123.605,取引終了,"￥4,000",---,123.586,"2021/11/09 23:54:59","2021/11/10 00:00:00"
739776522,EUR/USD," HighLow ",LOW,1.16000,取引終了,"￥1,000","￥1,850",1.15991,"2021/11/09 23:03:49","2021/11/09 23:05:00"
739774362,CHF/JPY," HighLow ",LOW,123.638,取引終了,"￥1,000",---,123.668,"2021/11/09 23:00:34","2021/11/09 23:05:00"
739773747,EUR/USD," HighLow ",LOW,1.15958,取引終了,"￥4,000",---,1.15991,"2021/11/09 23:00:06","2021/11/09 23:05:00"
739575994,AUD/JPY," Turbo ",LOW,83.818,取引終了,"￥3,000","￥5,700",83.812,"2021/11/09 16:01:57","2021/11/09 16:04:57"
739575532,EUR/AUD," HighLow ",HIGH,1.56236,取引終了,"￥1,000","￥1,850",1.56238,"2021/11/09 16:01:08","2021/11/09 16:05:00"
739575523,EUR/AUD," HighLow ",HIGH,1.56237,取引終了,"￥1,000","￥1,850",1.56238,"2021/11/09 16:01:06","2021/11/09 16:05:00"
739575507,EUR/AUD," HighLow ",HIGH,1.56242,取引終了,"￥1,000",---,1.56238,"2021/11/09 16:01:05","2021/11/09 16:05:00"
739532134,USD/JPY," HighLow ",HIGH,112.741,取引終了,"￥3,000","￥5,550",112.746,"2021/11/09 14:06:31","2021/11/09 14:10:00"
739531145,USD/JPY," HighLow ",HIGH,112.761,取引終了,"￥4,000",---,112.746,"2021/11/09 14:05:04","2021/11/09 14:10:00"
739487533,CAD/JPY," HighLow ",HIGH,90.639,取引終了,"￥4,000","￥7,400",90.646,"2021/11/09 12:15:42","2021/11/09 12:20:00"
739487425,GBP/AUD," HighLow ",LOW,1.83385,取引終了,"￥4,000",---,1.83409,"2021/11/09 12:15:36","2021/11/09 12:20:00"
739487345,GBP/JPY," HighLow ",HIGH,153.079,取引終了,"￥4,000","￥7,400",153.083,"2021/11/09 12:15:32","2021/11/09 12:20:00"
739487268,AUD/JPY," HighLow ",HIGH,83.462,取引終了,"￥4,000","￥7,400",83.465,"2021/11/09 12:15:28","2021/11/09 12:20:00"
739487172,NZD/JPY," HighLow ",HIGH,80.775,取引終了,"￥4,000","￥7,400",80.778,"2021/11/09 12:15:25","2021/11/09 12:20:00"
739487086,EUR/AUD," HighLow ",LOW,1.56708,取引終了,"￥4,000","￥7,400",1.56703,"2021/11/09 12:15:21","2021/11/09 12:20:00"
739486991,EUR/JPY," HighLow ",HIGH,130.787,取引終了,"￥4,000","￥7,400",130.793,"2021/11/09 12:15:17","2021/11/09 12:20:00"
739458182,CAD/JPY," HighLow ",HIGH,90.863,取引終了,"￥3,000","￥5,550",90.868,"2021/11/09 11:03:15","2021/11/09 11:05:00"
739282939,AUD/USD," Turbo ",LOW,0.74159,取引終了,"￥1,000","￥1,850",0.74138,"2021/11/08 22:30:02","2021/11/08 22:35:02"
739282852,AUD/USD," Turbo ",LOW,0.74159,取引終了,"￥1,000","￥1,850",0.74140,"2021/11/08 22:30:01","2021/11/08 22:35:01"
739282700,AUD/USD," Turbo ",LOW,0.74159,取引終了,"￥1,000","￥1,850",0.74141,"2021/11/08 22:30:00","2021/11/08 22:35:00"
739228688,GBP/AUD," HighLow ",LOW,1.82509,取引終了,"￥3,000","￥5,400",1.82435,"2021/11/08 21:00:39","2021/11/08 21:05:00"
739224309,EUR/GBP," HighLow ",HIGH,0.85623,取引終了,"￥5,000","￥9,250",0.85663,"2021/11/08 20:58:51","2021/11/08 21:05:00"
739223075,GBP/AUD," HighLow ",LOW,1.82393,取引終了,"￥3,000",---,1.82435,"2021/11/08 20:57:56","2021/11/08 21:05:00"
739222053,GBP/JPY," HighLow ",LOW,153.270,取引終了,"￥4,000",---,153.328,"2021/11/08 20:56:58","2021/11/08 21:05:00"
739215987,USD/JPY," Turbo ",HIGH,113.462,取引終了,"￥1,000",---,113.450,"2021/11/08 20:42:14","2021/11/08 20:45:14"
739066339,CHF/JPY," HighLow ",HIGH,124.333,取引終了,"￥3,000","￥5,550",124.371,"2021/11/08 14:59:48","2021/11/08 15:05:00"
739065734,EUR/JPY," Turbo ",HIGH,131.291,取引終了,"￥3,000","￥5,550",131.328,"2021/11/08 14:59:14","2021/11/08 15:04:14"
739065364,EUR/USD," Turbo ",HIGH,1.15606,取引終了,"￥3,000","￥5,550",1.15632,"2021/11/08 14:58:44","2021/11/08 15:03:44"
739012946,NZD/JPY," HighLow ",LOW,80.955,取引終了,"￥4,000",---,80.983,"2021/11/08 12:10:04","2021/11/08 12:15:00"
738821872,CHF/JPY," HighLow ",HIGH,124.027,取引終了,"￥4,000","￥7,400",124.034,"2021/11/05 22:10:07","2021/11/05 22:15:00"
738821743,EUR/JPY," HighLow ",HIGH,130.940,取引終了,"￥4,000","￥7,400",130.966,"2021/11/05 22:10:04","2021/11/05 22:15:00"
738801380,EUR/AUD," HighLow ",HIGH,1.56114,取引終了,"￥4,000","￥7,400",1.56232,"2021/11/05 21:35:08","2021/11/05 21:40:00"
738801279,CAD/JPY," HighLow ",LOW,91.527,取引終了,"￥4,000","￥7,400",91.432,"2021/11/05 21:35:05","2021/11/05 21:40:00"
738800091,EUR/AUD," HighLow ",HIGH,1.56103,取引終了,"￥4,000","￥7,400",1.56232,"2021/11/05 21:34:35","2021/11/05 21:40:00"
738797192,GBP/USD," HighLow ",HIGH,1.34397,取引終了,"￥4,000","￥7,400",1.34477,"2021/11/05 21:31:02","2021/11/05 21:40:00"
738771630,CHF/JPY," HighLow ",HIGH,124.129,取引終了,"￥4,000","￥7,400",124.165,"2021/11/05 20:35:05","2021/11/05 20:40:00"
738743823,CHF/JPY," HighLow ",HIGH,124.293,取引終了,"￥4,000",---,124.245,"2021/11/05 19:25:04","2021/11/05 19:30:00"
738716247,USD/CHF," HighLow ",LOW,0.91437,取引終了,"￥4,000","￥7,400",0.91416,"2021/11/05 18:10:03","2021/11/05 18:15:00"
738707275,GBP/JPY," HighLow ",HIGH,153.026,取引終了,"￥3,000","￥5,550",153.191,"2021/11/05 17:45:55","2021/11/05 17:55:00"
738706734,GBP/USD," HighLow ",HIGH,1.34558,取引終了,"￥4,000","￥7,400",1.34594,"2021/11/05 17:45:07","2021/11/05 17:50:00"
738706667,GBP/JPY," HighLow ",HIGH,153.083,取引終了,"￥4,000",---,153.082,"2021/11/05 17:45:03","2021/11/05 17:50:00"
738680839,GBP/JPY," Turbo ",LOW,153.622,取引終了,"￥3,000","￥5,700",153.617,"2021/11/05 16:41:00","2021/11/05 16:44:00"
738649062,EUR/JPY," Turbo ",HIGH,131.301,取引終了,"￥1,000","￥1,850",131.302,"2021/11/05 15:00:19","2021/11/05 15:05:19"
738647138,EUR/JPY," Turbo ",HIGH,131.301,取引終了,"￥1,000","￥1,850",131.309,"2021/11/05 14:59:52","2021/11/05 15:04:52"
738628864,AUD/JPY," Turbo ",LOW,84.101,取引終了,"￥5,000","￥9,250",84.075,"2021/11/05 13:59:47","2021/11/05 14:04:47"
738628681,GBP/AUD," HighLow ",HIGH,1.82446,取引終了,"￥3,000","￥5,400",1.82473,"2021/11/05 13:59:38","2021/11/05 14:05:00"
738628427,EUR/JPY," Turbo ",LOW,131.363,取引終了,"￥3,000",---,131.364,"2021/11/05 13:59:04","2021/11/05 14:04:04"
738574589,USD/CHF," HighLow ",HIGH,0.91213,取引終了,"￥1,000","￥1,850",0.91226,"2021/11/05 10:59:34","2021/11/05 11:05:00"
738574577,USD/CHF," HighLow ",HIGH,0.91214,取引終了,"￥1,000","￥1,850",0.91226,"2021/11/05 10:59:31","2021/11/05 11:05:00"
738565937,EUR/AUD," HighLow ",LOW,1.56396,取引終了,"￥3,000","￥5,550",1.56332,"2021/11/05 10:31:27","2021/11/05 10:35:00"
738565043,EUR/AUD," HighLow ",LOW,1.56369,取引終了,"￥3,000","￥5,550",1.56332,"2021/11/05 10:29:12","2021/11/05 10:35:00"
738556399,EUR/JPY," HighLow ",HIGH,131.290,取引終了,"￥4,000","￥7,400",131.329,"2021/11/05 10:05:09","2021/11/05 10:10:00"
738556292,GBP/JPY," HighLow ",HIGH,153.383,取引終了,"￥4,000","￥7,400",153.413,"2021/11/05 10:05:06","2021/11/05 10:10:00"
738556089,AUD/JPY," HighLow ",HIGH,84.027,取引終了,"￥4,000","￥7,400",84.087,"2021/11/05 10:05:03","2021/11/05 10:10:00"
738486662,EUR/USD," Turbo ",LOW,1.15483,取引終了,"￥3,000",---,1.15500,"2021/11/05 01:02:03","2021/11/05 01:05:03"
738485439,AUD/USD," Turbo ",LOW,0.74023,取引終了,"￥3,000",---,0.74043,"2021/11/05 01:00:03","2021/11/05 01:05:03"
738484051,EUR/AUD," HighLow ",HIGH,1.55982,取引終了,"￥3,000","￥5,550",1.55984,"2021/11/05 00:59:01","2021/11/05 01:05:00"
738479702,GBP/USD," HighLow ",HIGH,1.34722,取引終了,"￥4,000","￥7,400",1.34805,"2021/11/05 00:50:11","2021/11/05 00:55:00"
738479649,GBP/AUD," HighLow ",HIGH,1.82335,取引終了,"￥4,000",---,1.82292,"2021/11/05 00:50:08","2021/11/05 00:55:00"
738479574,EUR/GBP," HighLow ",LOW,0.85639,取引終了,"￥4,000","￥7,400",0.85600,"2021/11/05 00:50:04","2021/11/05 00:55:00"
738471034,USD/CAD," HighLow ",LOW,1.24672,取引終了,"￥4,000",---,1.24689,"2021/11/05 00:30:08","2021/11/05 00:35:00"
738470976,EUR/USD," HighLow ",HIGH,1.15305,取引終了,"￥4,000","￥7,400",1.15325,"2021/11/05 00:30:04","2021/11/05 00:35:00"
738470765,GBP/USD," HighLow ",HIGH,1.34830,取引終了,"￥1,000","￥1,850",1.34833,"2021/11/05 00:29:59","2021/11/05 00:35:00"
738470672,GBP/USD," HighLow ",HIGH,1.34827,取引終了,"￥1,000","￥1,850",1.34833,"2021/11/05 00:29:57","2021/11/05 00:35:00"
738441472,CHF/JPY," HighLow ",HIGH,124.416,取引終了,"￥3,000","￥5,550",124.425,"2021/11/04 23:41:55","2021/11/04 23:45:00"
738441275,CHF/JPY," HighLow ",HIGH,124.437,取引終了,"￥3,000",---,124.425,"2021/11/04 23:41:26","2021/11/04 23:45:00"
738429956,EUR/GBP," HighLow ",LOW,0.85543,取引終了,"￥4,000","￥7,400",0.85491,"2021/11/04 23:25:06","2021/11/04 23:30:00"
738428467,USD/JPY," HighLow ",HIGH,113.729,取引終了,"￥4,000","￥7,400",113.735,"2021/11/04 23:24:34","2021/11/04 23:30:00"
738425137,NZD/USD," HighLow ",HIGH,0.71034,取引終了,"￥4,000","￥7,400",0.71061,"2021/11/04 23:20:12","2021/11/04 23:25:00"
738425058,NZD/JPY," HighLow ",HIGH,80.836,取引終了,"￥4,000",---,80.821,"2021/11/04 23:20:08","2021/11/04 23:25:00"
738424960,AUD/JPY," HighLow ",HIGH,84.177,取引終了,"￥4,000",---,84.142,"2021/11/04 23:20:04","2021/11/04 23:25:00"
738423878,CAD/JPY," HighLow ",HIGH,91.475,取引終了,"￥4,000",---,91.419,"2021/11/04 23:19:48","2021/11/04 23:25:00"
738411083,NZD/JPY," Turbo ",HIGH,80.932,取引終了,"￥1,000",---,80.915,"2021/11/04 23:00:07","2021/11/04 23:05:07"
738411046,NZD/JPY," Turbo ",HIGH,80.933,取引終了,"￥1,000",---,80.915,"2021/11/04 23:00:06","2021/11/04 23:05:06"
738410981,NZD/JPY," Turbo ",HIGH,80.934,取引終了,"￥1,000",---,80.916,"2021/11/04 23:00:04","2021/11/04 23:05:04"
738373049,EUR/AUD," HighLow ",LOW,1.55982,取引終了,"￥4,000",---,1.56046,"2021/11/04 22:00:05","2021/11/04 22:05:00"
738363886,GBP/AUD," HighLow ",HIGH,1.82632,取引終了,"￥4,000",---,1.82605,"2021/11/04 21:45:14","2021/11/04 21:50:00"
738363816,EUR/GBP," HighLow ",LOW,0.85323,取引終了,"￥4,000",---,0.85357,"2021/11/04 21:45:10","2021/11/04 21:50:00"
738363730,GBP/USD," HighLow ",HIGH,1.35442,取引終了,"￥4,000",---,1.35398,"2021/11/04 21:45:05","2021/11/04 21:50:00"
738333513,GBP/AUD," HighLow ",HIGH,1.83193,取引終了,"￥4,000",---,1.82960,"2021/11/04 21:01:09","2021/11/04 21:10:00"
738332684,GBP/AUD," HighLow ",HIGH,1.83486,取引終了,"￥4,000",---,1.82960,"2021/11/04 21:00:34","2021/11/04 21:10:00"
738331433,GBP/USD," HighLow ",LOW,1.36515,取引終了,"￥4,000","￥7,400",1.35731,"2021/11/04 20:59:32","2021/11/04 21:05:00"
738331078,EUR/GBP," HighLow ",HIGH,0.84654,取引終了,"￥1,000","￥1,850",0.85094,"2021/11/04 20:59:12","2021/11/04 21:05:00"
738331071,EUR/GBP," HighLow ",HIGH,0.84654,取引終了,"￥1,000","￥1,850",0.85094,"2021/11/04 20:59:11","2021/11/04 21:05:00"
738331027,EUR/GBP," HighLow ",HIGH,0.84661,取引終了,"￥1,000","￥1,850",0.85181,"2021/11/04 20:59:05","2021/11/04 21:10:00"
738331015,EUR/GBP," HighLow ",HIGH,0.84661,取引終了,"￥1,000","￥1,850",0.85181,"2021/11/04 20:59:04","2021/11/04 21:10:00"
738330999,EUR/GBP," HighLow ",HIGH,0.84661,取引終了,"￥1,000","￥1,850",0.85181,"2021/11/04 20:59:03","2021/11/04 21:10:00"
738297554,CHF/JPY," HighLow ",HIGH,124.670,取引終了,"￥3,000","￥5,550",124.692,"2021/11/04 19:50:42","2021/11/04 19:55:00"
738297120,CHF/JPY," HighLow ",HIGH,124.692,取引終了,"￥4,000",---,124.692,"2021/11/04 19:50:02","2021/11/04 19:55:00"
738248461,AUD/JPY," HighLow ",HIGH,84.704,取引終了,"￥4,000","￥7,400",84.728,"2021/11/04 17:45:07","2021/11/04 17:50:00"
738248381,NZD/JPY," HighLow ",HIGH,81.309,取引終了,"￥4,000","￥7,400",81.351,"2021/11/04 17:45:05","2021/11/04 17:50:00"
738248279,CAD/JPY," HighLow ",HIGH,91.891,取引終了,"￥4,000",---,91.890,"2021/11/04 17:45:03","2021/11/04 17:50:00"
738247672,AUD/JPY," HighLow ",HIGH,84.708,取引終了,"￥4,000","￥7,400",84.728,"2021/11/04 17:44:58","2021/11/04 17:50:00"
738241235,GBP/AUD," HighLow ",LOW,1.83624,取引終了,"￥3,000","￥5,400",1.83552,"2021/11/04 17:29:57","2021/11/04 17:35:00"
738239177,EUR/JPY," HighLow ",HIGH,131.833,取引終了,"￥4,000","￥7,400",131.853,"2021/11/04 17:25:05","2021/11/04 17:30:00"
738238218,GBP/JPY," Turbo ",HIGH,155.569,取引終了,"￥1,000","￥1,900",155.604,"2021/11/04 17:24:30","2021/11/04 17:25:30"
738237157,CHF/JPY," HighLow ",HIGH,124.820,取引終了,"￥4,000","￥7,400",124.887,"2021/11/04 17:22:47","2021/11/04 17:30:00"
738236650,GBP/JPY," Turbo ",HIGH,155.605,取引終了,"￥3,000",---,155.601,"2021/11/04 17:22:20","2021/11/04 17:25:20"
738232882,GBP/JPY," Turbo ",HIGH,155.738,取引終了,"￥3,000",---,155.734,"2021/11/04 17:15:44","2021/11/04 17:20:44"
738232681,GBP/JPY," Turbo ",HIGH,155.769,取引終了,"￥3,000",---,155.739,"2021/11/04 17:15:23","2021/11/04 17:20:23"
738016006,USD/JPY," Turbo ",HIGH,114.048,取引終了,"￥3,000","￥5,700",114.070,"2021/11/04 01:31:37","2021/11/04 01:34:37"
737971869,CHF/JPY," HighLow ",LOW,125.044,取引終了,"￥4,000",---,125.136,"2021/11/03 23:30:07","2021/11/03 23:35:00"
737971789,EUR/JPY," HighLow ",LOW,132.052,取引終了,"￥4,000",---,132.126,"2021/11/03 23:30:05","2021/11/03 23:35:00"
737951495,USD/JPY," Turbo ",LOW,114.045,取引終了,"￥3,000","￥5,550",114.038,"2021/11/03 23:00:24","2021/11/03 23:05:24"
737917318,GBP/JPY," Turbo ",LOW,155.553,転売済み,"￥3,000","￥5,052",155.506,"2021/11/03 21:57:03","2021/11/03 21:58:31"
737822781,CHF/JPY," HighLow ",LOW,124.865,取引終了,"￥4,000",---,124.897,"2021/11/03 18:15:03","2021/11/03 18:20:00"
737714662,AUD/JPY," HighLow ",HIGH,84.508,取引終了,"￥4,000","￥7,400",84.540,"2021/11/03 12:05:05","2021/11/03 12:10:00"
737714606,GBP/AUD," HighLow ",LOW,1.83526,取引終了,"￥4,000","￥7,200",1.83463,"2021/11/03 12:05:03","2021/11/03 12:10:00"
737611365,GBP/AUD," HighLow ",LOW,1.83292,取引終了,"￥3,000","￥5,400",1.83202,"2021/11/03 01:02:25","2021/11/03 01:05:00"
737611355,GBP/AUD," HighLow ",LOW,1.83276,取引終了,"￥3,000","￥5,400",1.83202,"2021/11/03 01:02:24","2021/11/03 01:05:00"
737610886,AUD/USD," Turbo ",HIGH,0.74265,取引終了,"￥3,000","￥5,700",0.74314,"2021/11/03 01:01:45","2021/11/03 01:04:45"
737606558,EUR/AUD," HighLow ",LOW,1.55884,取引終了,"￥4,000","￥7,400",1.55824,"2021/11/03 00:58:01","2021/11/03 01:05:00"
737560003,AUD/USD," HighLow ",HIGH,0.74458,取引終了,"￥4,000",---,0.74453,"2021/11/02 23:25:03","2021/11/02 23:30:00"
737484410,CAD/JPY," HighLow ",LOW,91.783,取引終了,"￥4,000","￥7,400",91.765,"2021/11/02 21:35:06","2021/11/02 21:40:00"
737484320,GBP/JPY," HighLow ",LOW,155.349,取引終了,"￥4,000","￥7,400",155.314,"2021/11/02 21:35:04","2021/11/02 21:40:00"
737484178,EUR/JPY," HighLow ",LOW,131.996,取引終了,"￥4,000",---,132.026,"2021/11/02 21:35:02","2021/11/02 21:40:00"
737418307,NZD/JPY," HighLow ",HIGH,80.898,取引終了,"￥4,000","￥7,400",80.951,"2021/11/02 19:40:03","2021/11/02 19:45:00"
737369717,AUD/JPY," HighLow ",HIGH,84.716,取引終了,"￥4,000",---,84.683,"2021/11/02 18:00:12","2021/11/02 18:05:00"
737369664,NZD/JPY," HighLow ",HIGH,81.281,取引終了,"￥4,000",---,81.240,"2021/11/02 18:00:10","2021/11/02 18:05:00"
737369517,CHF/JPY," HighLow ",HIGH,124.509,取引終了,"￥4,000",---,124.427,"2021/11/02 18:00:06","2021/11/02 18:05:00"
737362315,EUR/JPY," HighLow ",HIGH,131.660,取引終了,"￥4,000",---,131.539,"2021/11/02 17:54:59","2021/11/02 18:00:00"
737341503,CHF/JPY," HighLow ",HIGH,124.815,取引終了,"￥4,000",---,124.775,"2021/11/02 17:10:02","2021/11/02 17:15:00"
737315190,AUD/JPY," HighLow ",HIGH,84.847,取引終了,"￥4,000","￥7,400",84.848,"2021/11/02 16:05:02","2021/11/02 16:10:00"
737303830,CAD/JPY," HighLow ",HIGH,91.663,取引終了,"￥4,000","￥7,400",91.685,"2021/11/02 15:35:03","2021/11/02 15:40:00"
737291083,USD/CAD," HighLow ",LOW,1.23965,取引終了,"￥4,000","￥7,400",1.23962,"2021/11/02 15:05:09","2021/11/02 15:10:00"
737291003,EUR/AUD," HighLow ",LOW,1.55311,取引終了,"￥4,000","￥7,400",1.55260,"2021/11/02 15:05:07","2021/11/02 15:10:00"
737290902,AUD/JPY," HighLow ",HIGH,84.928,取引終了,"￥4,000","￥7,400",84.971,"2021/11/02 15:05:05","2021/11/02 15:10:00"
737290739,AUD/USD," HighLow ",HIGH,0.74744,取引終了,"￥4,000",---,0.74741,"2021/11/02 15:05:03","2021/11/02 15:10:00"
737289699,NZD/JPY," HighLow ",HIGH,81.452,取引終了,"￥4,000",---,81.452,"2021/11/02 15:04:35","2021/11/02 15:10:00"
737254708,GBP/JPY," HighLow ",HIGH,155.172,取引終了,"￥4,000","￥7,400",155.203,"2021/11/02 13:39:00","2021/11/02 13:45:00"
737210685,AUD/USD," Turbo ",HIGH,0.75198,取引終了,"￥3,000","￥5,700",0.75203,"2021/11/02 12:02:00","2021/11/02 12:05:00"
737209265,EUR/AUD," HighLow ",LOW,1.54200,取引終了,"￥3,000",---,1.54229,"2021/11/02 11:59:56","2021/11/02 12:05:00"
737187001,AUD/JPY," HighLow ",HIGH,85.776,取引終了,"￥1,000","￥1,850",85.796,"2021/11/02 11:01:04","2021/11/02 11:05:00"
737186956,AUD/JPY," HighLow ",HIGH,85.779,取引終了,"￥1,000","￥1,850",85.796,"2021/11/02 11:01:02","2021/11/02 11:05:00"
737011999,USD/CAD," HighLow ",LOW,1.23936,取引終了,"￥4,000","￥7,400",1.23879,"2021/11/01 23:04:48","2021/11/01 23:10:00"
736989657,GBP/USD," HighLow ",HIGH,1.36804,取引終了,"￥3,000","￥5,550",1.36818,"2021/11/01 22:29:58","2021/11/01 22:35:00"
736913280,GBP/AUD," HighLow ",HIGH,1.81834,取引終了,"￥1,000","￥1,800",1.81936,"2021/11/01 20:29:14","2021/11/01 20:35:00"
736913232,GBP/AUD," HighLow ",HIGH,1.81834,取引終了,"￥1,000","￥1,800",1.81936,"2021/11/01 20:29:09","2021/11/01 20:35:00"
736883556,CHF/JPY," HighLow ",HIGH,124.775,取引終了,"￥3,000","￥5,550",124.777,"2021/11/01 19:30:31","2021/11/01 19:35:00"
736861483,EUR/AUD," HighLow ",HIGH,1.54148,取引終了,"￥2,000",---,1.54136,"2021/11/01 18:39:00","2021/11/01 18:45:00"
736844743,GBP/AUD," HighLow ",HIGH,1.82053,取引終了,"￥2,000",---,1.82003,"2021/11/01 18:00:54","2021/11/01 18:10:00"
736838877,CHF/JPY," HighLow ",HIGH,124.717,取引終了,"￥2,000","￥3,700",124.718,"2021/11/01 17:58:50","2021/11/01 18:05:00"
736826034,GBP/JPY," Turbo ",LOW,156.474,取引終了,"￥1,000","￥1,850",156.400,"2021/11/01 17:30:59","2021/11/01 17:35:59"
736825617,GBP/JPY," Turbo ",LOW,156.448,取引終了,"￥1,000","￥1,850",156.399,"2021/11/01 17:30:02","2021/11/01 17:35:02"
736811837,GBP/USD," HighLow ",LOW,1.36641,取引終了,"￥2,000","￥3,700",1.36637,"2021/11/01 17:01:44","2021/11/01 17:10:00"
736808505,EUR/JPY," HighLow ",LOW,132.312,取引終了,"￥2,000",---,132.316,"2021/11/01 16:58:02","2021/11/01 17:05:00"
736804369,GBP/JPY," HighLow ",HIGH,156.122,取引終了,"￥2,000","￥3,700",156.194,"2021/11/01 16:51:43","2021/11/01 17:00:00"
